<?xml version="1.0" encoding="UTF-8"?>
<GenRun Id="impl_1" LaunchPart="xc7z020clg484-1" LaunchTime="1606044724">
  <File Type="ROUTE-PWR" Name="ram_power_routed.rpt"/>
  <File Type="PA-TCL" Name="ram.tcl"/>
  <File Type="PWROPT-DCP" Name="ram_pwropt.dcp"/>
  <File Type="ROUTE-PWR-SUM" Name="ram_power_summary_routed.pb"/>
  <File Type="REPORTS-TCL" Name="ram_reports.tcl"/>
  <File Type="BG-DRC" Name="ram.drc"/>
  <File Type="OPT-HWDEF" Name="ram.hwdef"/>
  <File Type="OPT-DCP" Name="ram_opt.dcp"/>
  <File Type="OPT-DRC" Name="ram_drc_opted.rpt"/>
  <File Type="PLACE-DCP" Name="ram_placed.dcp"/>
  <File Type="PLACE-IO" Name="ram_io_placed.rpt"/>
  <File Type="PLACE-UTIL" Name="ram_utilization_placed.rpt"/>
  <File Type="PLACE-UTIL-PB" Name="ram_utilization_placed.pb"/>
  <File Type="PLACE-CTRL" Name="ram_control_sets_placed.rpt"/>
  <File Type="PLACE-PRE-SIMILARITY" Name="ram_incremental_reuse_pre_placed.rpt"/>
  <File Type="POSTPLACE-PWROPT-DCP" Name="ram_postplace_pwropt.dcp"/>
  <File Type="PHYSOPT-DCP" Name="ram_physopt.dcp"/>
  <File Type="BG-BIT" Name="ram.bit"/>
  <File Type="ROUTE-ERROR-DCP" Name="ram_routed_error.dcp"/>
  <File Type="ROUTE-DCP" Name="ram_routed.dcp"/>
  <File Type="ROUTE-BLACKBOX-DCP" Name="ram_routed_bb.dcp"/>
  <File Type="ROUTE-DRC" Name="ram_drc_routed.rpt"/>
  <File Type="ROUTE-DRC-PB" Name="ram_drc_routed.pb"/>
  <File Type="ROUTE-DRC-RPX" Name="ram_drc_routed.rpx"/>
  <File Type="BITSTR-MSK" Name="ram.msk"/>
  <File Type="ROUTE-METHODOLOGY-DRC" Name="ram_methodology_drc_routed.rpt"/>
  <File Type="BG-BGN" Name="ram.bgn"/>
  <File Type="ROUTE-METHODOLOGY-DRC-RPX" Name="ram_methodology_drc_routed.rpx"/>
  <File Type="BITSTR-RBT" Name="ram.rbt"/>
  <File Type="ROUTE-METHODOLOGY-DRC-PB" Name="ram_methodology_drc_routed.pb"/>
  <File Type="BG-BIN" Name="ram.bin"/>
  <File Type="ROUTE-PWR-RPX" Name="ram_power_routed.rpx"/>
  <File Type="ROUTE-STATUS" Name="ram_route_status.rpt"/>
  <File Type="ROUTE-STATUS-PB" Name="ram_route_status.pb"/>
  <File Type="ROUTE-TIMINGSUMMARY" Name="ram_timing_summary_routed.rpt"/>
  <File Type="ROUTE-TIMING-PB" Name="ram_timing_summary_routed.pb"/>
  <File Type="ROUTE-TIMING-RPX" Name="ram_timing_summary_routed.rpx"/>
  <File Type="ROUTE-CLK" Name="ram_clock_utilization_routed.rpt"/>
  <File Type="RDI-RDI" Name="ram.vdi"/>
  <File Type="POSTROUTE-PHYSOPT-DCP" Name="ram_postroute_physopt.dcp"/>
  <File Type="POSTROUTE-PHYSOPT-BLACKBOX-DCP" Name="ram_postroute_physopt_bb.dcp"/>
  <File Type="BITSTR-NKY" Name="ram.nky"/>
  <File Type="BITSTR-BMM" Name="ram_bd.bmm"/>
  <File Type="BITSTR-MMI" Name="ram.mmi"/>
  <File Type="BITSTR-LTX" Name="ram.ltx"/>
  <File Type="BITSTR-SYSDEF" Name="ram.sysdef"/>
  <File Type="WBT-USG" Name="usage_statistics_webtalk.html"/>
  <FileSet Name="sources" Type="DesignSrcs" RelSrcDir="$PSRCDIR/sources_1">
    <Filter Type="Srcs"/>
    <File Path="$PSRCDIR/sources_1/imports/4_blockram/pck_myhdl_011.vhd">
      <FileInfo>
        <Attr Name="ImportPath" Val="E:/Nauka/esl/pygmyhdl/examples/4_blockram/pck_myhdl_011.vhd"/>
        <Attr Name="ImportTime" Val="1606043994"/>
        <Attr Name="UsedIn" Val="synthesis"/>
        <Attr Name="UsedIn" Val="simulation"/>
      </FileInfo>
    </File>
    <File Path="$PSRCDIR/sources_1/imports/4_blockram/ram.vhd">
      <FileInfo>
        <Attr Name="ImportPath" Val="E:/Nauka/esl/pygmyhdl/examples/4_blockram/ram.vhd"/>
        <Attr Name="ImportTime" Val="1606043994"/>
        <Attr Name="UsedIn" Val="synthesis"/>
        <Attr Name="UsedIn" Val="simulation"/>
      </FileInfo>
    </File>
    <Config>
      <Option Name="DesignMode" Val="RTL"/>
      <Option Name="TopModule" Val="ram"/>
      <Option Name="TopAutoSet" Val="TRUE"/>
    </Config>
  </FileSet>
  <FileSet Name="constrs_in" Type="Constrs" RelSrcDir="$PSRCDIR/constrs_1">
    <Filter Type="Constrs"/>
    <File Path="$PSRCDIR/constrs_1/new/pinout.xdc">
      <FileInfo>
        <Attr Name="ImportPath" Val="E:/Nauka/esl/pygmyhdl/examples/4_blockram/project_1/project_1.srcs/constrs_1/new/pinout.xdc"/>
        <Attr Name="ImportTime" Val="1606044719"/>
        <Attr Name="UsedIn" Val="synthesis"/>
        <Attr Name="UsedIn" Val="implementation"/>
      </FileInfo>
    </File>
    <Config>
      <Option Name="TargetConstrsFile" Val="$PSRCDIR/constrs_1/new/pinout.xdc"/>
      <Option Name="ConstrsType" Val="XDC"/>
    </Config>
  </FileSet>
  <Strategy Version="1" Minor="2">
    <StratHandle Name="Vivado Implementation Defaults" Flow="Vivado Implementation 2017"/>
    <Step Id="init_design"/>
    <Step Id="opt_design"/>
    <Step Id="power_opt_design"/>
    <Step Id="place_design"/>
    <Step Id="post_place_power_opt_design"/>
    <Step Id="phys_opt_design"/>
    <Step Id="route_design"/>
    <Step Id="post_route_phys_opt_design"/>
    <Step Id="write_bitstream"/>
  </Strategy>
</GenRun>
