<?xml version="1.0" encoding="UTF-8"?>
<GenRun Id="synth_1" LaunchPart="xc7z020clg484-1" LaunchTime="1605649908">
  <File Type="PA-TCL" Name="pwm_simple.tcl"/>
  <File Type="REPORTS-TCL" Name="pwm_simple_reports.tcl"/>
  <File Type="RDS-RDS" Name="pwm_simple.vds"/>
  <File Type="RDS-UTIL" Name="pwm_simple_utilization_synth.rpt"/>
  <File Type="RDS-UTIL-PB" Name="pwm_simple_utilization_synth.pb"/>
  <File Type="RDS-DCP" Name="pwm_simple.dcp"/>
  <FileSet Name="sources" Type="DesignSrcs" RelSrcDir="$PSRCDIR/sources_1">
    <Filter Type="Srcs"/>
    <File Path="$PSRCDIR/sources_1/imports/3_pwm/pck_myhdl_011.vhd">
      <FileInfo>
        <Attr Name="ImportPath" Val="E:/Nauka/esl/pygmyhdl/examples/3_pwm/pck_myhdl_011.vhd"/>
        <Attr Name="ImportTime" Val="1605648885"/>
        <Attr Name="UsedIn" Val="synthesis"/>
        <Attr Name="UsedIn" Val="simulation"/>
      </FileInfo>
    </File>
    <File Path="$PSRCDIR/sources_1/imports/3_pwm/pwm_simple.vhd">
      <FileInfo>
        <Attr Name="ImportPath" Val="E:/Nauka/esl/pygmyhdl/examples/3_pwm/pwm_simple.vhd"/>
        <Attr Name="ImportTime" Val="1605648883"/>
        <Attr Name="UsedIn" Val="synthesis"/>
        <Attr Name="UsedIn" Val="simulation"/>
      </FileInfo>
    </File>
    <Config>
      <Option Name="DesignMode" Val="RTL"/>
      <Option Name="TopModule" Val="pwm_simple"/>
      <Option Name="TopAutoSet" Val="TRUE"/>
    </Config>
  </FileSet>
  <FileSet Name="constrs_in" Type="Constrs" RelSrcDir="$PSRCDIR/constrs_1">
    <Filter Type="Constrs"/>
    <File Path="$PSRCDIR/constrs_1/new/pinout.xdc">
      <FileInfo>
        <Attr Name="ImportPath" Val="E:/Nauka/esl/pygmyhdl/examples/3_pwm/project_2/project_2.srcs/constrs_1/new/pinout.xdc"/>
        <Attr Name="ImportTime" Val="1605649904"/>
        <Attr Name="UsedIn" Val="synthesis"/>
        <Attr Name="UsedIn" Val="implementation"/>
      </FileInfo>
    </File>
    <Config>
      <Option Name="TargetConstrsFile" Val="$PSRCDIR/constrs_1/new/pinout.xdc"/>
      <Option Name="ConstrsType" Val="XDC"/>
    </Config>
  </FileSet>
  <Strategy Version="1" Minor="2">
    <StratHandle Name="Vivado Synthesis Defaults" Flow="Vivado Synthesis 2017"/>
    <Step Id="synth_design"/>
  </Strategy>
</GenRun>
